player,year,event,white,black,opponent_elo,result,total_plies,acpl,color
Tal,1980,It (cat.15),Tal Mikhail (LAT),Ljubojevic Ljubomir (SCG),2590,1/2-1/2,34,4.54,White
Tal,1980,It (cat.15),Tal Mikhail (LAT),Gligoric Svetozar (SCG),2565,1/2-1/2,33,1.46,White
Tal,1980,It (cat.15),Tal Mikhail (LAT),Timman Jan H (NED),2600,1/2-1/2,55,7.08,White
Tal,1980,It (cat.15),Tal Mikhail (LAT),Ivkov Borislav (SCG),2530,1/2-1/2,43,12.17,White
Tal,1980,It (cat.15),Tal Mikhail (LAT),Polugaevsky Lev A (RUS),2635,1/2-1/2,53,8.52,White
Tal,1980,Olympiad,Tal Mikhail (LAT),Sax Gyula (HUN),2570,1/2-1/2,61,17.78,White
Tal,1980,Ch World (match) (cand.) (1/4),Tal Mikhail (LAT),Polugaevsky Lev A (RUS),2635,1/2-1/2,79,8.75,White
Tal,1980,Ch World (match) (cand.) (1/4),Tal Mikhail (LAT),Polugaevsky Lev A (RUS),2635,1/2-1/2,72,24.12,White
Tal,1980,Ch Europe (team),Tal Mikhail (LAT),Ribli Zoltan (HUN),2610,1/2-1/2,67,11.2,White
Tal,1980,Ch Europe (team),Tal Mikhail (LAT),Liberzon Vladimir M (ISR),2545,1/2-1/2,76,3.68,White
Tal,1980,It (cat.15),Tal Mikhail (LAT),Kurajica Bojan (BIH),2525,1-0,79,12.78,White
Tal,1980,Ch World (match) (cand.) (1/4),Polugaevsky Lev A (RUS),Tal Mikhail (LAT),2635,1/2-1/2,34,0.38,Black
Tal,1980,Ch World (match) (cand.) (1/4),Tal Mikhail (LAT),Polugaevsky Lev A (RUS),2635,1/2-1/2,66,23,White
Tal,1980,Ch World (match) (cand.) (1/4),Polugaevsky Lev A (RUS),Tal Mikhail (LAT),2635,1/2-1/2,40,1.62,Black
Tal,1980,Match (training),Kasparov Garry (RUS),Tal Mikhail (LAT),2595,1/2-1/2,54,9.04,Black
Tal,1980,It (cat.15),Hort Vlastimil (GER),Tal Mikhail (LAT),2595,1/2-1/2,55,2.52,Black
Tal,1980,It (cat.15),Andersson Ulf (SWE),Tal Mikhail (LAT),2590,1/2-1/2,40,11.56,Black
Tal,1980,It (cat.10),Tal Mikhail (LAT),Romanishin Oleg M (UKR),2580,0-1,80,22.42,White
Tal,1980,Ch World (match) (cand.) (1/4),Tal Mikhail (LAT),Polugaevsky Lev A (RUS),2635,0-1,140,15.18,White
Tal,1980,Ch Europe (team),Hort Vlastimil (GER),Tal Mikhail (LAT),2595,1/2-1/2,26,2.33,Black
Tal,1980,Ch World (match) (cand.) (1/4),Polugaevsky Lev A (RUS),Tal Mikhail (LAT),2635,1-0,83,17.81,Black
Tal,1980,Tournament,Tal Mikhail (LAT),Kasparov Garry (RUS),2595,0-1,80,32.97,White
Tal,1980,It (cat.15),Tal Mikhail (LAT),Huebner Robert Dr (GER),2600,1/2-1/2,31,5.5,White
Tal,1980,It (cat.15),Kavalek Lubomir (USA),Tal Mikhail (LAT),2600,1/2-1/2,118,9.31,Black
Tal,1980,Ch World (match) (cand.) (1/4),Polugaevsky Lev A (RUS),Tal Mikhail (LAT),2635,1-0,82,52.46,Black
Tal,1980,It (cat.15),Tal Mikhail (LAT),Andersson Ulf (SWE),2590,1/2-1/2,118,28.91,White
Tal,1980,It (cat.15),Karpov Anatoly (RUS),Tal Mikhail (LAT),2725,1-0,67,50.1,Black
Tal,1980,It (cat.15),Larsen Bent (DEN),Tal Mikhail (LAT),2585,1-0,79,55.34,Black
Tal,1980,It (cat.15),Hort Vlastimil (GER),Tal Mikhail (LAT),2595,1/2-1/2,31,7.73,Black
Tal,1980,It (cat.15),Tal Mikhail (LAT),Sosonko Gennadi (NED),2545,1/2-1/2,40,8.06,White
Tal,1980,It (cat.15),Kavalek Lubomir (USA),Tal Mikhail (LAT),2600,1/2-1/2,35,2.08,Black
Tal,1980,It (cat.15),Karpov Anatoly (RUS),Tal Mikhail (LAT),2725,1/2-1/2,41,4.69,Black
Tal,1980,It (cat.15),Tal Mikhail (LAT),Larsen Bent (DEN),2585,1/2-1/2,73,19.82,White
Tal,1980,It (cat.15),Portisch Lajos (HUN),Tal Mikhail (LAT),2655,1-0,66,64.83,Black
Tal,1980,It (cat.15),Timman Jan H (NED),Tal Mikhail (LAT),2600,1/2-1/2,60,8.08,Black
Tal,1980,It (cat.15),Tal Mikhail (LAT),Ribli Zoltan (HUN),2610,1/2-1/2,95,15.18,White
Tal,1980,It (cat.10),Vaganian Rafael A (ARM),Tal Mikhail (LAT),2590,0-1,80,9.42,Black
Tal,1980,It (cat.10),Vadasz Laszlo (HUN),Tal Mikhail (LAT),2500,1/2-1/2,75,13.45,Black
Tal,1980,It (cat.10),Tukmakov Vladimir B (UKR),Tal Mikhail (LAT),2560,1/2-1/2,116,8.26,Black
Tal,1980,Olympiad,Seirawan Yasser (USA),Tal Mikhail (LAT),2510,1-0,113,15.35,Black
Tal,1980,It (cat.15),Tal Mikhail (LAT),Spassky Boris V (FRA),2615,1-0,91,3.29,White
Rapport,2015,20th European Teams,"Rapport, R.","Radjabov, T.",2739,1-0,71,2.03,White
Rapport,2015,20th European Teams,"Rapport, R.","Svetushkin, D.",2585,1-0,67,10.4,White
Rapport,2015,20th European Teams,"Rapport, R.","Anton Guijarro, D.",2630,1-0,71,15.22,White
Rapport,2015,Vladimir Petrov Mem 2015,"Rapport, R.","Gleizerov, E.",2531,1-0,104,10.73,White
Rapport,2015,20th European Teams,"Rapport, R.","Fressinet, L.",2712,1-0,77,37.26,White
Rapport,2015,TCh-AUT 2014-15,"Rapport, R.","Antoniewski, R.",2543,1-0,69,10.52,White
Rapport,2015,Bundesliga 2015-16,"Rapport, R.",Li Chao2,2756,1-0,73,12.58,White
Rapport,2015,Gibraltar Masters 2015,"Rapport, R.","Boruchovsky, A.",2517,1-0,91,14.02,White
Rapport,2015,Vladimir Petrov Mem 2015,"Rapport, R.","Naiditsch, A.",2711,1-0,79,15.72,White
Rapport,2015,Bundesliga 2014-15,"Rapport, R.","Mista, A.",2616,1-0,113,11.08,White
Rapport,2015,20th European Teams,"Grischuk, A.","Rapport, R.",2750,1/2-1/2,49,0.75,Black
Rapport,2015,Aeroflot Open A 2015,"Rapport, R.","Bluebaum, M.",2576,1-0,85,11.38,White
Rapport,2015,Basel Masters 2015,"Naiditsch, A.","Rapport, R.",2694,1/2-1/2,29,2.1,Black
Rapport,2015,Aeroflot Open A 2015,"Rapport, R.","Bogdanovich, S.",2581,1-0,95,6.39,White
Rapport,2015,Bundesliga 2015-16,"Rapport, R.","Bluebaum, M.",2580,1-0,89,15.49,White
Rapport,2015,Basel Masters 2015,"Donchenko, Alexa","Rapport, R.",2511,1/2-1/2,85,9.82,Black
Rapport,2015,Aeroflot Open A 2015,"Dubov, Daniil","Rapport, R.",2627,1/2-1/2,49,8.55,Black
Rapport,2015,10th World Teams 2015,"Akopian, Vl","Rapport, R.",2660,1/2-1/2,66,3.9,Black
Rapport,2015,TCh-AUT 2014-15,"Dizdar, G.","Rapport, R.",2501,1/2-1/2,98,8.67,Black
Rapport,2015,20th European Teams,"Hammer, J.","Rapport, R.",2682,1/2-1/2,142,3.66,Black
Rapport,2015,22nd Abu Dhabi Masters,"Rapport, R.","Sandipan, C.",2585,1-0,73,7.48,White
Rapport,2015,Vladimir Petrov Mem 2015,"Heberla, B.","Rapport, R.",2567,1/2-1/2,151,6.46,Black
Rapport,2015,Gibraltar Masters 2015,"Spraggett, K.","Rapport, R.",2538,1/2-1/2,80,13.19,Black
Rapport,2015,Bundesliga 2015-16,"Romanov, E.","Rapport, R.",2573,1/2-1/2,85,9.08,Black
Rapport,2015,10th World Teams 2015,"Akobian, V.","Rapport, R.",2622,1/2-1/2,48,16.4,Black
Rapport,2015,ACP Masters GpB 2015,"Ivanchuk, V.","Rapport, R.",2710,1/2-1/2,70,9,Black
Rapport,2015,Bundesliga 2015-16,"Ipatov, Alexander","Rapport, R.",2625,1/2-1/2,91,3.95,Black
Rapport,2015,22nd Abu Dhabi Masters,"Predke, A.","Rapport, R.",2548,1/2-1/2,85,5.87,Black
Rapport,2015,ACP Masters GpB 2015,"Sutovsky, E.","Rapport, R.",2647,1/2-1/2,105,22.67,Black
Rapport,2015,22nd Abu Dhabi Masters,"Rapport, R.","Swiercz, D.",2617,1-0,143,19.51,White
Rapport,2015,48th Biel GM 2015,"Wojtaszek, R.","Rapport, R.",2733,1/2-1/2,83,17.19,Black
Rapport,2015,TCh-AUT 2015-16,"Bauer, Ch","Rapport, R.",2627,0-1,80,3.19,Black
Rapport,2015,48th Biel GM 2015,"Eljanov, P.","Rapport, R.",2723,1/2-1/2,88,8.6,Black
Rapport,2015,Gibraltar Masters 2015,Hou Yifan,"Rapport, R.",2673,1-0,79,21.49,Black
Rapport,2015,Vladimir Petrov Mem 2015,"Ehlvest, J.","Rapport, R.",2547,0-1,40,15.94,Black
Rapport,2015,Gibraltar Masters 2015,Ju Wenjun,"Rapport, R.",2547,1-0,79,51.4,Black
Rapport,2015,Gibraltar Masters 2015,"Vazquez Igarza, R.","Rapport, R.",2592,0-1,112,28.25,Black
Rapport,2015,TCh-AUT 2014-15,"Jovanovic, Zo CRO","Rapport, R.",2550,0-1,66,5.59,Black
Rapport,2015,Bundesliga 2014-15,"Almasi, Z.","Rapport, R.",2695,0-1,100,13.15,Black
Rapport,2015,Aeroflot Open A 2015,"Sethuraman, S.","Rapport, R.",2623,0-1,64,11.11,Black
Rapport,2015,48th Biel GM 2015,"Navara, D.","Rapport, R.",2724,1-0,95,15.35,Black
Rapport,2015,Aeroflot Open A 2015,"Bukavshin, I.","Rapport, R.",2618,1-0,79,14.46,Black
Rapport,2015,Petrov Mem Blitz 2015,"Ehlvest, J.","Rapport, R.",2547,1-0,97,54.8,Black
Rapport,2015,22nd Abu Dhabi Masters,"Ghaem Maghami, E.","Rapport, R.",2609,0-1,90,4.98,Black
Rapport,2015,22nd Abu Dhabi Masters,"Vaibhav, S.","Rapport, R.",2552,0-1,80,10.92,Black
Rapport,2015,Aeroflot Open A 2015,"Anton Guijarro, D.","Rapport, R.",2614,1-0,97,30.27,Black
Rapport,2015,Vladimir Petrov Mem 2015,"Sakaev, K.","Rapport, R.",2594,1-0,145,14.6,Black
Rapport,2015,20th European Teams,"Rapport, R.","Duda, J.",2658,1/2-1/2,100,6.17,White
Rapport,2015,48th Biel GM 2015,"Vachier Lagrave, M.","Rapport, R.",2731,1-0,95,26.12,Black
Rapport,2015,ACP Masters GpB 2015,"Smirin, I.","Rapport, R.",2658,0-1,54,10.3,Black
Rapport,2015,Basel Masters 2015,"Rapport, R.","Iturrizaga, E.",2649,1/2-1/2,186,11.12,White
Rapport,2015,48th Biel GM 2015,"Adams, Mi","Rapport, R.",2740,1-0,236,32.7,Black
Rapport,2015,Gibraltar Masters 2015,"Rapport, R.","Jakovenko, D.",2733,1/2-1/2,86,11.97,White
Rapport,2015,TCh-AUT 2014-15,"Rapport, R.","Schlosser, P.",2566,1/2-1/2,94,12.67,White
Rapport,2015,Vladimir Petrov Mem 2015,"Rapport, R.","Ivanchuk, V.",2731,0-1,78,18.66,White
Rapport,2015,10th World Teams 2015,"Rapport, R.",Bu Xiangzhi,2681,1/2-1/2,82,3.14,White
Rapport,2015,20th European Teams,"Eljanov, P.","Rapport, R.",2753,1-0,147,16.26,Black
Rapport,2015,Aeroflot Open A 2015,"Rapport, R.","Khalifman, A.",2613,1/2-1/2,147,8.47,White
Rapport,2015,Petrov Mem Blitz 2015,"Rapport, R.","Zilka, S.",2528,1/2-1/2,122,22.47,White
Rapport,2015,10th World Teams 2015,"Quesada Perez, Yu","Rapport, R.",2637,1-0,69,62.87,Black
Rapport,2015,48th Biel GM 2015,"Rapport, R.","Vachier Lagrave, M.",2731,1/2-1/2,86,4.62,White
Rapport,2015,Aeroflot Open A 2015,"Rapport, R.","Salgado Lopez, I.",2627,0-1,164,15.12,White
Rapport,2015,48th Biel GM 2015,"Rapport, R.","Wojtaszek, R.",2733,0-1,68,19.17,White
Rapport,2015,Aeroflot Open A 2015,"Rapport, R.","Oparin, G.",2562,0-1,108,43.52,White
Rapport,2015,48th Biel GM 2015,"Rapport, R.","Adams, Mi",2740,1/2-1/2,65,11.45,White
Rapport,2015,48th Biel GM 2015,"Rapport, R.","Eljanov, P.",2723,0-1,56,17.83,White
Rapport,2015,10th World Teams 2015,"Rapport, R.","Adly, A.",2589,0-1,57,37.56,White
Rapport,2015,22nd Abu Dhabi Masters,"Rapport, R.","Grandelius, N.",2628,0-1,82,23.41,White
Rapport,2015,ACP Masters GpB 2015,"Rapport, R.","Bacrot, E.",2692,1/2-1/2,109,19.18,White
Rapport,2015,ACP Masters GpB 2015,"Rapport, R.","Eljanov, P.",2763,0-1,76,34.79,White
Rapport,2015,48th Biel GM 2015,"Rapport, R.","Navara, D.",2724,0-1,80,20.11,White
Rapport,2015,10th World Teams 2015,"Rapport, R.","Vidit, S.",2625,0-1,128,21.18,White
Rapport,2015,Bundesliga 2015-16,"Rapport, R.","Lupulescu, C.",2626,1-0,123,7.98,White
